target,feature_set,feature
PTS,pvalue,MIN
PTS,pvalue,IS_HOME
PTS,pvalue,FTM_ROLLING_STD_10
PTS,pvalue,FGA_ROLLING_STD_15
PTS,pvalue,PLUS_MINUS_ROLLING_MEAN_5
PTS,pvalue,FGM_ROLLING_MEAN_15
PTS,pvalue,FG3A_ROLLING_STD_20
PTS,pvalue,FG3A_ROLLING_STD_15
PTS,pvalue,FG_PCT_ROLLING_MEAN_15
PTS,pvalue,PLUS_MINUS_ROLLING_STD_5
PTS,pvalue,PLUS_MINUS_MOMENTUM_5_10
PTS,pvalue,LOSS_STREAK
PTS,pvalue,FGA_ROLLING_MEAN_15
PTS,pvalue,FTA_ROLLING_STD_10
PTS,pvalue,FG3M_ROLLING_STD_5
PTS,pvalue,FG3_PCT_ROLLING_MEAN_15
PTS,pvalue,BLK_ROLLING_STD_15
PTS,pvalue,FTM_ROLLING_MEAN_15
PTS,random_forest,MIN
PTS,random_forest,PTS_ROLLING_MEAN_20
PTS,random_forest,FT_PCT_LAG1
PTS,random_forest,FG_PCT_LAG1
PTS,random_forest,AST_TO_TOV
PTS,random_forest,REB_BALANCE_LAG1
PTS,random_forest,FG3_PCT_LAG1
PTS,random_forest,PTS_ROLLING_MEAN_15
PTS,random_forest,PLUS_MINUS_LAG1
PTS,random_forest,PLUS_MINUS_ROLLING_MEAN_5
PTS,random_forest,AST_LAG1
PTS,random_forest,PTS_LAG1
PTS,random_forest,FG3A_ROLLING_STD_5
PTS,random_forest,FG3_PCT_ROLLING_STD_5
PTS,random_forest,DREB_ROLLING_MEAN_15
PTS,random_forest,REB_LAG1
PTS,random_forest,REB_ROLLING_STD_5
PTS,random_forest,FG_PCT_ROLLING_STD_5
PTS,random_forest,TOV_LAG1
PTS,random_forest,DREB_ROLLING_STD_5
PTS,random_forest,FT_PCT_ROLLING_STD_10
PTS,random_forest,AST_ROLLING_MEAN_5
PTS,random_forest,AST_ROLLING_STD_5
PTS,random_forest,AST_ROLLING_MEAN_10
PTS,random_forest,FT_PCT_MOMENTUM_5_10
PTS,random_forest,FT_PCT_ROLLING_STD_5
PTS,random_forest,PTS_ROLLING_MEAN_5
PTS,random_forest,OREB_ROLLING_STD_5
PTS,random_forest,PLUS_MINUS_ROLLING_STD_5
PTS,random_forest,PF_ROLLING_STD_5
PTS,random_forest,FTM_ROLLING_STD_5
PTS,random_forest,TOV_ROLLING_STD_5
PTS,random_forest,FGA_ROLLING_MEAN_5
PTS,random_forest,DREB_LAG1
PTS,random_forest,FT_PCT_ROLLING_STD_15
PTS,random_forest,AST_MOMENTUM_5_20
PTS,random_forest,PTS_ROLLING_STD_10
PTS,random_forest,FGM_ROLLING_STD_5
PTS,random_forest,FGA_ROLLING_STD_5
PTS,random_forest,FT_PCT_ROLLING_MEAN_5
PTS,random_forest,FG3M_ROLLING_STD_5
PTS,random_forest,FG_PCT_ROLLING_MEAN_5
PTS,random_forest,REB_ROLLING_STD_10
PTS,random_forest,REB_ROLLING_MEAN_10
PTS,random_forest,BLK_ROLLING_STD_5
PTS,random_forest,PTS_ROLLING_STD_5
PTS,random_forest,FG3_PCT_ROLLING_MEAN_10
PTS,random_forest,FTA_ROLLING_STD_5
PTS,random_forest,PLUS_MINUS_MOMENTUM_5_20
PTS,random_forest,FG3_PCT_ROLLING_MEAN_5
PTS,random_forest,DREB_ROLLING_MEAN_5
PTS,random_forest,FTM_ROLLING_STD_10
PTS,random_forest,BLK_ROLLING_STD_10
PTS,random_forest,PF_ROLLING_STD_10
PTS,random_forest,TOV_ROLLING_STD_10
PTS,random_forest,FG3_PCT_MOMENTUM_5_10
PTS,random_forest,PLUS_MINUS_MOMENTUM_5_10
PTS,random_forest,BLK_ROLLING_STD_15
PTS,random_forest,PLUS_MINUS_ROLLING_STD_20
PTS,random_forest,OREB_LAG1
PTS,random_forest,STL_ROLLING_STD_5
PTS,random_forest,STL_ROLLING_MEAN_5
PTS,random_forest,REB_MOMENTUM_5_10
PTS,random_forest,FT_PCT_ROLLING_MEAN_10
PTS,random_forest,FG3_PCT_ROLLING_STD_10
PTS,random_forest,REB_MOMENTUM_5_20
PTS,random_forest,PLUS_MINUS_ROLLING_MEAN_10
PTS,random_forest,FTM_ROLLING_MEAN_5
PTS,random_forest,PTS_MOMENTUM_5_10
PTS,random_forest,PTS_MOMENTUM_5_20
PTS,random_forest,FG_PCT_MOMENTUM_5_10
PTS,random_forest,PF_ROLLING_MEAN_5
PTS,random_forest,PF_ROLLING_STD_20
PTS,random_forest,TOV_ROLLING_MEAN_5
PTS,random_forest,AST_MOMENTUM_5_10
PTS,random_forest,PLUS_MINUS_ROLLING_MEAN_15
PTS,random_forest,FG_PCT_ROLLING_STD_10
PTS,random_forest,AST_ROLLING_STD_10
PTS,random_forest,STL_ROLLING_STD_10
PTS,random_forest,FG3_PCT_ROLLING_MEAN_15
PTS,random_forest,FGA_ROLLING_MEAN_15
PTS,random_forest,DREB_ROLLING_STD_10
PTS,random_forest,FGM_ROLLING_STD_10
PTS,random_forest,FG3A_ROLLING_MEAN_5
PTS,random_forest,DREB_ROLLING_MEAN_10
PTS,random_forest,FG3A_ROLLING_STD_10
PTS,random_forest,TOV_ROLLING_MEAN_10
PTS,random_forest,PLUS_MINUS_ROLLING_STD_10
PTS,random_forest,FTM_ROLLING_MEAN_10
PTS,random_forest,AST_ROLLING_STD_15
PTS,random_forest,OREB_ROLLING_STD_15
PTS,random_forest,TOV_ROLLING_MEAN_15
PTS,random_forest,FGM_ROLLING_STD_15
PTS,random_forest,DREB_ROLLING_STD_20
PTS,random_forest,PF_ROLLING_MEAN_15
PTS,random_forest,AST_ROLLING_STD_20
PTS,random_forest,FGA_ROLLING_STD_10
PTS,random_forest,FT_PCT_MOMENTUM_5_20
PTS,random_forest,REB_ROLLING_STD_15
PTS,random_forest,FTM_ROLLING_STD_15
PTS,random_forest,FG_PCT_ROLLING_MEAN_10
PTS,random_forest,FG3A_ROLLING_STD_20
PTS,random_forest,FGM_ROLLING_MEAN_5
PTS,random_forest,FTM_ROLLING_STD_20
PTS,random_forest,REB_ROLLING_MEAN_5
PTS,random_forest,FTA_ROLLING_STD_15
PTS,random_forest,OREB_ROLLING_STD_10
PTS,random_forest,BLK_ROLLING_STD_20
PTS,random_forest,FGA_ROLLING_STD_20
PTS,random_forest,BLK_ROLLING_MEAN_5
PTS,random_forest,FGM_ROLLING_MEAN_15
PTS,random_forest,FG_PCT_ROLLING_STD_15
PTS,random_forest,OREB_ROLLING_STD_20
PTS,random_forest,PTS_ROLLING_STD_20
PTS,random_forest,FGM_ROLLING_STD_20
PTS,random_forest,PF_ROLLING_STD_15
PTS,random_forest,PTS_ROLLING_MEAN_10
PTS,random_forest,FTA_ROLLING_STD_10
PTS,random_forest,PLUS_MINUS_ROLLING_STD_15
PTS,random_forest,FG_PCT_ROLLING_MEAN_20
PTS,random_forest,STL_ROLLING_STD_15
PTS,random_forest,FTM_ROLLING_MEAN_15
PTS,random_forest,OREB_ROLLING_MEAN_5
PTS,random_forest,DREB_ROLLING_STD_15
PTS,random_forest,FGA_ROLLING_MEAN_10
PTS,random_forest,FG3_PCT_ROLLING_STD_20
PTS,random_forest,FG3M_ROLLING_STD_15
PTS,random_forest,STL_ROLLING_STD_20
PTS,random_forest,FG_PCT_MOMENTUM_5_20
PTS,random_forest,FG3M_ROLLING_MEAN_5
PTS,random_forest,FG3M_ROLLING_STD_10
PTS,random_forest,FG3_PCT_ROLLING_MEAN_20
PTS,random_forest,FG3M_ROLLING_MEAN_10
PTS,random_forest,FG_PCT_ROLLING_STD_20
PTS,random_forest,FT_PCT_ROLLING_STD_20
PTS,random_forest,FTM_ROLLING_MEAN_20
PTS,random_forest,STL_ROLLING_MEAN_10
PTS,random_forest,FT_PCT_ROLLING_MEAN_15
PTS,random_forest,FG3A_ROLLING_STD_15
PTS,random_forest,TOV_ROLLING_STD_20
PTS,random_forest,PTS_ROLLING_STD_15
PTS,random_forest,FG3A_ROLLING_MEAN_10
PTS,random_forest,STL_ROLLING_MEAN_15
PTS,random_forest,FTA_ROLLING_STD_20
PTS,random_forest,FG3M_ROLLING_STD_20
PTS,random_forest,FG3_PCT_ROLLING_STD_15
PTS,random_forest,FG3_PCT_MOMENTUM_5_20
PTS,random_forest,FGA_ROLLING_STD_15
PTS,random_forest,FT_PCT_ROLLING_MEAN_20
PTS,random_forest,TOV_ROLLING_STD_15
PTS,random_forest,FGM_ROLLING_MEAN_20
PTS,random_forest,FGM_ROLLING_MEAN_10
PTS,random_forest,PF_ROLLING_MEAN_10
PTS,random_forest,REB_ROLLING_STD_20
PTS,random_forest,OREB_ROLLING_MEAN_10
PTS,random_forest,FG_PCT_ROLLING_MEAN_15
PTS,random_forest,TOV_ROLLING_MEAN_20
PTS,random_forest,REB_ROLLING_MEAN_15
PTS,random_forest,BLK_ROLLING_MEAN_10
PTS,random_forest,BLK_ROLLING_MEAN_15
PTS,random_forest,PF_ROLLING_MEAN_20
PTS,random_forest,DAYS_REST
PTS,random_forest,OREB_ROLLING_MEAN_15
PTS,random_forest,WIN_STREAK
PTS,random_forest,IS_HOME
PTS,random_forest,LOSS_STREAK
PTS,intersection,BLK_ROLLING_STD_15
PTS,intersection,FG3A_ROLLING_STD_15
PTS,intersection,FG3A_ROLLING_STD_20
PTS,intersection,FG3M_ROLLING_STD_5
PTS,intersection,FG3_PCT_ROLLING_MEAN_15
PTS,intersection,FGA_ROLLING_MEAN_15
PTS,intersection,FGA_ROLLING_STD_15
PTS,intersection,FGM_ROLLING_MEAN_15
PTS,intersection,FG_PCT_ROLLING_MEAN_15
PTS,intersection,FTA_ROLLING_STD_10
PTS,intersection,FTM_ROLLING_MEAN_15
PTS,intersection,FTM_ROLLING_STD_10
PTS,intersection,IS_HOME
PTS,intersection,LOSS_STREAK
PTS,intersection,MIN
PTS,intersection,PLUS_MINUS_MOMENTUM_5_10
PTS,intersection,PLUS_MINUS_ROLLING_MEAN_5
PTS,intersection,PLUS_MINUS_ROLLING_STD_5
PTS,top_10_rf,MIN
PTS,top_10_rf,PTS_ROLLING_MEAN_20
PTS,top_10_rf,FT_PCT_LAG1
PTS,top_10_rf,FG_PCT_LAG1
PTS,top_10_rf,AST_TO_TOV
PTS,top_10_rf,REB_BALANCE_LAG1
PTS,top_10_rf,FG3_PCT_LAG1
PTS,top_10_rf,PTS_ROLLING_MEAN_15
PTS,top_10_rf,PLUS_MINUS_LAG1
PTS,top_10_rf,PLUS_MINUS_ROLLING_MEAN_5
PTS,top_20_rf,MIN
PTS,top_20_rf,PTS_ROLLING_MEAN_20
PTS,top_20_rf,FT_PCT_LAG1
PTS,top_20_rf,FG_PCT_LAG1
PTS,top_20_rf,AST_TO_TOV
PTS,top_20_rf,REB_BALANCE_LAG1
PTS,top_20_rf,FG3_PCT_LAG1
PTS,top_20_rf,PTS_ROLLING_MEAN_15
PTS,top_20_rf,PLUS_MINUS_LAG1
PTS,top_20_rf,PLUS_MINUS_ROLLING_MEAN_5
PTS,top_20_rf,AST_LAG1
PTS,top_20_rf,PTS_LAG1
PTS,top_20_rf,FG3A_ROLLING_STD_5
PTS,top_20_rf,FG3_PCT_ROLLING_STD_5
PTS,top_20_rf,DREB_ROLLING_MEAN_15
PTS,top_20_rf,REB_LAG1
PTS,top_20_rf,REB_ROLLING_STD_5
PTS,top_20_rf,FG_PCT_ROLLING_STD_5
PTS,top_20_rf,TOV_LAG1
PTS,top_20_rf,DREB_ROLLING_STD_5
PTS,hybrid,AST_LAG1
PTS,hybrid,AST_TO_TOV
PTS,hybrid,BLK_ROLLING_STD_15
PTS,hybrid,DAYS_REST
PTS,hybrid,DREB_ROLLING_MEAN_15
PTS,hybrid,DREB_ROLLING_STD_5
PTS,hybrid,FG3A_ROLLING_STD_15
PTS,hybrid,FG3A_ROLLING_STD_20
PTS,hybrid,FG3A_ROLLING_STD_5
PTS,hybrid,FG3M_ROLLING_STD_5
PTS,hybrid,FG3_PCT_LAG1
PTS,hybrid,FG3_PCT_ROLLING_MEAN_15
PTS,hybrid,FG3_PCT_ROLLING_STD_5
PTS,hybrid,FGA_ROLLING_MEAN_15
PTS,hybrid,FGA_ROLLING_STD_15
PTS,hybrid,FGM_ROLLING_MEAN_15
PTS,hybrid,FG_PCT_LAG1
PTS,hybrid,FG_PCT_ROLLING_MEAN_15
PTS,hybrid,FG_PCT_ROLLING_STD_5
PTS,hybrid,FTA_ROLLING_STD_10
PTS,hybrid,FTM_ROLLING_MEAN_15
PTS,hybrid,FTM_ROLLING_STD_10
PTS,hybrid,FT_PCT_LAG1
PTS,hybrid,IS_HOME
PTS,hybrid,LOSS_STREAK
PTS,hybrid,MIN
PTS,hybrid,PLUS_MINUS_LAG1
PTS,hybrid,PLUS_MINUS_MOMENTUM_5_10
PTS,hybrid,PLUS_MINUS_ROLLING_MEAN_5
PTS,hybrid,PLUS_MINUS_ROLLING_STD_5
PTS,hybrid,PTS_LAG1
PTS,hybrid,PTS_ROLLING_MEAN_15
PTS,hybrid,PTS_ROLLING_MEAN_20
PTS,hybrid,REB_BALANCE_LAG1
PTS,hybrid,REB_LAG1
PTS,hybrid,REB_ROLLING_STD_5
PTS,hybrid,SHOOTING_EFFICIENCY_LAG1
PTS,hybrid,TOV_LAG1
PTS,hybrid,WIN_STREAK
PTS,hybrid,W_PCT_LAG1
