feature,p_value
MIN,1.7988048048161892e-21
IS_HOME,0.00042528035235375543
FTM_ROLLING_STD_10,0.0016051923790512995
FGA_ROLLING_STD_15,0.004416378219858521
PLUS_MINUS_ROLLING_MEAN_5,0.008162951286228686
FGM_ROLLING_MEAN_15,0.008352960555258788
FG3A_ROLLING_STD_20,0.008765544968410578
FG3A_ROLLING_STD_15,0.009678794292870017
FG_PCT_ROLLING_MEAN_15,0.012975330589301849
PLUS_MINUS_ROLLING_STD_5,0.013063708126173218
PLUS_MINUS_MOMENTUM_5_10,0.014992027781890432
LOSS_STREAK,0.01951817885983572
FGA_ROLLING_MEAN_15,0.02598081348117988
FTA_ROLLING_STD_10,0.027559155039999925
FG3M_ROLLING_STD_5,0.03161508426467748
FG3_PCT_ROLLING_MEAN_15,0.03719336894904338
BLK_ROLLING_STD_15,0.04422542214414943
FTM_ROLLING_MEAN_15,0.04874979898604144
FT_PCT_MOMENTUM_5_20,0.050706776408254134
PTS_ROLLING_MEAN_15,0.051478418689592735
FG3_PCT_ROLLING_MEAN_10,0.056600636730207696
FG3_PCT_ROLLING_STD_5,0.05986734576361864
PF_ROLLING_MEAN_10,0.06370889186462995
FGM_ROLLING_STD_15,0.06430944018612512
OREB_ROLLING_STD_20,0.06765770839357646
FTA_ROLLING_STD_5,0.07045624446809046
REB_ROLLING_STD_15,0.07660983220771264
PTS_LAG1,0.07667487171294003
FTM_ROLLING_STD_15,0.08144519196629149
FG3_PCT_ROLLING_MEAN_5,0.08148100741073132
FG3A_ROLLING_MEAN_5,0.09038690296754459
FG3A_ROLLING_MEAN_10,0.0904238027403528
OREB_ROLLING_STD_5,0.09189302184431768
TOV_ROLLING_MEAN_10,0.09404415068254421
FG3A_ROLLING_STD_10,0.11016101347265617
FGA_ROLLING_STD_20,0.11939513502905058
DREB_ROLLING_STD_15,0.11958864002276738
FT_PCT_ROLLING_STD_10,0.13309605730127436
FG3_PCT_MOMENTUM_5_20,0.14627780672304308
REB_MOMENTUM_5_10,0.1470392360405034
FG3M_ROLLING_MEAN_10,0.17180158315690175
AST_ROLLING_STD_5,0.17229961576888592
FT_PCT_ROLLING_MEAN_10,0.1774336286145151
FG_PCT_ROLLING_MEAN_20,0.19500511882467056
PLUS_MINUS_ROLLING_MEAN_10,0.20747013927034136
FG3_PCT_LAG1,0.21194847904070327
FT_PCT_LAG1,0.21514524513377897
PLUS_MINUS_ROLLING_MEAN_15,0.21606027540658343
TOV_ROLLING_STD_5,0.2189280389049141
FG_PCT_ROLLING_STD_15,0.23365903274725164
FTA_ROLLING_STD_15,0.24149767067282238
AST_ROLLING_STD_10,0.244647900251912
PF_ROLLING_STD_20,0.2487922765655265
FGM_ROLLING_MEAN_10,0.25087090778654514
FG3M_ROLLING_STD_20,0.2509833849098338
STL_ROLLING_STD_10,0.2637294820372409
PLUS_MINUS_ROLLING_STD_10,0.27011203752187135
DREB_LAG1,0.282458484529474
PF_ROLLING_STD_10,0.2828313722423585
STL_ROLLING_MEAN_5,0.28481304820478437
FTM_ROLLING_STD_5,0.285346388529773
DREB_ROLLING_MEAN_5,0.29715203351673036
REB_ROLLING_MEAN_5,0.3014113414944449
FG_PCT_LAG1,0.3015406803576124
REB_LAG1,0.3077074413285975
FGA_ROLLING_MEAN_5,0.31247284018098587
FT_PCT_ROLLING_STD_5,0.31585075079021374
AST_MOMENTUM_5_20,0.31987482802237543
FT_PCT_ROLLING_MEAN_20,0.3275672058906899
OREB_LAG1,0.3305146645262719
REB_MOMENTUM_5_20,0.33458845657568503
REB_ROLLING_STD_10,0.35414730165887476
PF_ROLLING_STD_15,0.35803017691163586
FG_PCT_ROLLING_MEAN_10,0.35827089548077384
BLK_ROLLING_STD_10,0.36049965782896376
FG_PCT_MOMENTUM_5_20,0.3616328085113357
AST_ROLLING_MEAN_10,0.3691340722963402
FGA_ROLLING_MEAN_10,0.37296668931339483
FG3M_ROLLING_STD_15,0.3896252130135758
FG_PCT_ROLLING_MEAN_5,0.4023032792317002
PF_ROLLING_STD_5,0.4100519159205668
PF_ROLLING_MEAN_20,0.4179614842641569
FT_PCT_MOMENTUM_5_10,0.41876316149777293
TOV_LAG1,0.4248313802823208
PTS_ROLLING_MEAN_20,0.42982225352255965
FG3M_ROLLING_MEAN_5,0.43624598431869843
STL_ROLLING_STD_20,0.4378281265728373
FT_PCT_ROLLING_MEAN_15,0.44731390459590725
DAYS_REST,0.4498475487014787
FGM_ROLLING_STD_5,0.4561654591155191
STL_ROLLING_MEAN_10,0.4585451408886393
TOV_ROLLING_STD_15,0.4654206005354593
STL_ROLLING_STD_5,0.46665561112383414
PTS_ROLLING_STD_5,0.4760905810928098
TOV_ROLLING_MEAN_5,0.5014264651139663
PF_ROLLING_MEAN_5,0.533480613303966
STL_ROLLING_MEAN_15,0.540737957795351
REB_ROLLING_MEAN_10,0.542207147623592
FGA_ROLLING_STD_5,0.5456088720400745
STL_ROLLING_STD_15,0.5540077808988406
OREB_ROLLING_MEAN_5,0.5619818121186019
TOV_ROLLING_MEAN_20,0.56325335607845
BLK_ROLLING_STD_5,0.5863110284406912
FG3_PCT_ROLLING_MEAN_20,0.5865965054138624
FG3_PCT_MOMENTUM_5_10,0.5979961525579752
REB_ROLLING_MEAN_15,0.601035255544663
AST_ROLLING_STD_20,0.6018864423972874
DREB_ROLLING_STD_20,0.614396988998819
FGM_ROLLING_MEAN_5,0.6155214717830944
OREB_ROLLING_MEAN_15,0.6224413410182469
DREB_ROLLING_MEAN_15,0.6258089364708292
REB_ROLLING_STD_5,0.6389439998568348
PTS_MOMENTUM_5_10,0.6469486262435273
FG_PCT_MOMENTUM_5_10,0.6497806201696738
FG3M_ROLLING_STD_10,0.6517022723040539
FTA_ROLLING_STD_20,0.6554499986616754
OREB_ROLLING_MEAN_10,0.6576210557649729
OREB_ROLLING_STD_10,0.6578912918888211
TOV_ROLLING_STD_10,0.6792192353817668
WIN_STREAK,0.6794276473554772
FGM_ROLLING_STD_20,0.6806272955377086
BLK_ROLLING_STD_20,0.6831871144792281
TOV_ROLLING_MEAN_15,0.6918703379151412
FG3_PCT_ROLLING_STD_20,0.6920896789760543
AST_LAG1,0.6924784554765836
FTM_ROLLING_MEAN_20,0.698075144603876
DREB_ROLLING_STD_5,0.698600705257596
PLUS_MINUS_LAG1,0.6999242872198361
FG_PCT_ROLLING_STD_5,0.7134549750107182
PTS_ROLLING_MEAN_10,0.7156546862094131
FTM_ROLLING_MEAN_5,0.7170775992048168
PTS_ROLLING_MEAN_5,0.7229843122968931
FG_PCT_ROLLING_STD_20,0.7260239742399597
FGA_ROLLING_STD_10,0.7340374759839938
FT_PCT_ROLLING_MEAN_5,0.7362748201903064
DREB_ROLLING_MEAN_10,0.746141611246192
REB_BALANCE_LAG1,0.7486818928296595
FGM_ROLLING_STD_10,0.7507199339693126
FGM_ROLLING_MEAN_20,0.7642770565844406
AST_MOMENTUM_5_10,0.7716436967688608
FG3A_ROLLING_STD_5,0.7939377024865466
PTS_ROLLING_STD_20,0.7948341658300967
PTS_ROLLING_STD_15,0.7969972933254352
AST_TO_TOV,0.8045224803580577
TOV_ROLLING_STD_20,0.8116926987842621
OREB_ROLLING_STD_15,0.8131969807445716
PLUS_MINUS_ROLLING_STD_20,0.8226716003872457
DREB_ROLLING_STD_10,0.8380532443935913
AST_ROLLING_MEAN_5,0.839001609885446
PTS_MOMENTUM_5_20,0.8452994865648157
FTM_ROLLING_MEAN_10,0.8526161115717341
PTS_ROLLING_STD_10,0.8595179572224568
PLUS_MINUS_ROLLING_STD_15,0.8672572733977486
FG_PCT_ROLLING_STD_10,0.8894433307216058
FT_PCT_ROLLING_STD_20,0.8908043002429291
BLK_ROLLING_MEAN_10,0.8946795849497271
FG3_PCT_ROLLING_STD_10,0.8956996933692847
REB_ROLLING_STD_20,0.901955049207966
FT_PCT_ROLLING_STD_15,0.9033082224652036
BLK_ROLLING_MEAN_15,0.9043400267241075
FTM_ROLLING_STD_20,0.9104992435379504
AST_ROLLING_STD_15,0.9105160258660958
PF_ROLLING_MEAN_15,0.9569734889123849
BLK_ROLLING_MEAN_5,0.9769347946682987
PLUS_MINUS_MOMENTUM_5_20,0.982397282847081
FG3_PCT_ROLLING_STD_15,0.9889813585222148
